{
  "hash": "be7aa180",
  "configHash": "cbd42f7c",
  "lockfileHash": "904c2194",
  "browserHash": "42976221",
  "optimized": {
    "@angular/common": {
      "src": "../../../../../../node_modules/@angular/common/fesm2022/common.mjs",
      "file": "@angular_common.js",
      "fileHash": "5311b7b0",
      "needsInterop": false
    },
    "@angular/common/http": {
      "src": "../../../../../../node_modules/@angular/common/fesm2022/http.mjs",
      "file": "@angular_common_http.js",
      "fileHash": "0723dd5c",
      "needsInterop": false
    },
    "@angular/core": {
      "src": "../../../../../../node_modules/@angular/core/fesm2022/core.mjs",
      "file": "@angular_core.js",
      "fileHash": "58879644",
      "needsInterop": false
    },
    "@angular/forms": {
      "src": "../../../../../../node_modules/@angular/forms/fesm2022/forms.mjs",
      "file": "@angular_forms.js",
      "fileHash": "425c7888",
      "needsInterop": false
    },
    "@angular/platform-browser": {
      "src": "../../../../../../node_modules/@angular/platform-browser/fesm2022/platform-browser.mjs",
      "file": "@angular_platform-browser.js",
      "fileHash": "6e56623e",
      "needsInterop": false
    },
    "@angular/router": {
      "src": "../../../../../../node_modules/@angular/router/fesm2022/router.mjs",
      "file": "@angular_router.js",
      "fileHash": "e136b8ed",
      "needsInterop": false
    }
  },
  "chunks": {
    "chunk-ROGKQVCZ": {
      "file": "chunk-ROGKQVCZ.js"
    },
    "chunk-3HNBNGUG": {
      "file": "chunk-3HNBNGUG.js"
    },
    "chunk-NVQAXOF4": {
      "file": "chunk-NVQAXOF4.js"
    },
    "chunk-6L2D24VA": {
      "file": "chunk-6L2D24VA.js"
    }
  }
}