{
  "hash": "10fd9a4e",
  "configHash": "ccde0460",
  "lockfileHash": "fc04d749",
  "browserHash": "46e4d9a9",
  "optimized": {
    "@angular/common": {
      "src": "../../../../../../node_modules/@angular/common/fesm2022/common.mjs",
      "file": "@angular_common.js",
      "fileHash": "c703090b",
      "needsInterop": false
    },
    "@angular/common/http": {
      "src": "../../../../../../node_modules/@angular/common/fesm2022/http.mjs",
      "file": "@angular_common_http.js",
      "fileHash": "48225d4f",
      "needsInterop": false
    },
    "@angular/core": {
      "src": "../../../../../../node_modules/@angular/core/fesm2022/core.mjs",
      "file": "@angular_core.js",
      "fileHash": "361ab053",
      "needsInterop": false
    },
    "@angular/forms": {
      "src": "../../../../../../node_modules/@angular/forms/fesm2022/forms.mjs",
      "file": "@angular_forms.js",
      "fileHash": "a119b25a",
      "needsInterop": false
    },
    "@angular/platform-browser": {
      "src": "../../../../../../node_modules/@angular/platform-browser/fesm2022/platform-browser.mjs",
      "file": "@angular_platform-browser.js",
      "fileHash": "e38df5fe",
      "needsInterop": false
    },
    "@angular/router": {
      "src": "../../../../../../node_modules/@angular/router/fesm2022/router.mjs",
      "file": "@angular_router.js",
      "fileHash": "c05eeb04",
      "needsInterop": false
    },
    "jwt-decode": {
      "src": "../../../../../../node_modules/jwt-decode/build/esm/index.js",
      "file": "jwt-decode.js",
      "fileHash": "0b72bdfc",
      "needsInterop": false
    },
    "rxjs/operators": {
      "src": "../../../../../../node_modules/rxjs/dist/esm5/operators/index.js",
      "file": "rxjs_operators.js",
      "fileHash": "5c5efa29",
      "needsInterop": false
    },
    "rxjs": {
      "src": "../../../../../../node_modules/rxjs/dist/esm5/index.js",
      "file": "rxjs.js",
      "fileHash": "1c4eee3e",
      "needsInterop": false
    }
  },
  "chunks": {
    "chunk-2QPTE466": {
      "file": "chunk-2QPTE466.js"
    },
    "chunk-WNDGQQEG": {
      "file": "chunk-WNDGQQEG.js"
    },
    "chunk-VJZA7CEL": {
      "file": "chunk-VJZA7CEL.js"
    },
    "chunk-NO5UHNQ5": {
      "file": "chunk-NO5UHNQ5.js"
    },
    "chunk-AUREPRPG": {
      "file": "chunk-AUREPRPG.js"
    },
    "chunk-WCYHURJF": {
      "file": "chunk-WCYHURJF.js"
    },
    "chunk-3TXA6K3X": {
      "file": "chunk-3TXA6K3X.js"
    },
    "chunk-WDMUDEB6": {
      "file": "chunk-WDMUDEB6.js"
    }
  }
}